<?xml version ="1.0"?><Jeu><ListeComportements><Comportement nature ="PM"><Automate nom ="pm"><etat id ="0" nom="Avance"/><etat id ="0" nom="Avance"/></Automate></Comportement><Comportement nature ="FTF"><Automate nom ="fnf"><etat id ="0" nom="Avance"/><etat id ="0" nom="Avance"/></Automate></Comportement><Comportement nature ="FTM"><Automate nom ="fnm"><etat id ="0" nom="Avance"/><etat id ="0" nom="Avance"/><Transition><etat id ="0" nom="Avance"/><etat id ="0" nom="Avance"/><Condition nature ="Rien"/><Action nature ="Avance"/></Transition><Transition><etat id ="1" nom="Suit"/><etat id ="0" nom="Avance"/><Condition nature ="Rien"/><Action nature ="Avance"/></Transition><Transition><etat id ="2" nom="Fuit"/><etat id ="0" nom="Avance"/><Condition nature ="Rien"/><Action nature ="Avance"/></Transition><Transition><etat id ="0" nom="Avance"/><etat id ="1" nom="Suit"/><Condition nature ="Voit Pacman + Invulnerable"/><Action nature ="Suit"/></Transition><Transition><etat id ="0" nom="Avance"/><etat id ="2" nom="Fuit"/><Condition nature ="Voit Pacman + Vulnerable"/><Action nature ="Fuit"/></Transition><Transition><etat id ="1" nom="Suit"/><etat id ="1" nom="Suit"/><Condition nature ="Voit Pacman + Invulnerable"/><Action nature ="Suit"/></Transition><Transition><etat id ="1" nom="Suit"/><etat id ="2" nom="Fuit"/><Condition nature ="Voit Pacman + Vulnerable"/><Action nature ="Fuit"/></Transition><Transition><etat id ="2" nom="Fuit"/><etat id ="2" nom="Fuit"/><Condition nature ="Voit Pacman + Vulnerable"/><Action nature ="Fuit"/></Transition><Transition><etat id ="2" nom="Fuit"/><etat id ="1" nom="Suit"/><Condition nature ="Voit Pacman + Invulnerable"/><Action nature ="Suit"/></Transition></Automate></Comportement><Comportement nature ="FTD"><Automate nom ="fnd"><etat id ="0" nom="Avance"/><etat id ="0" nom="Avance"/><Transition><etat id ="0" nom="Avance"/><etat id ="0" nom="Avance"/><Condition nature ="Rien"/><Action nature ="Avance"/></Transition><Transition><etat id ="1" nom="Suit"/><etat id ="0" nom="Avance"/><Condition nature ="Rien"/><Action nature ="Avance"/></Transition><Transition><etat id ="2" nom="Fuitniv2"/><etat id ="0" nom="Avance"/><Condition nature ="Rien"/><Action nature ="Avance"/></Transition><Transition><etat id ="0" nom="Avance"/><etat id ="1" nom="Suit"/><Condition nature ="Voit Pacman + Invulnerable"/><Action nature ="Suit"/></Transition><Transition><etat id ="1" nom="Suit"/><etat id ="1" nom="Suit"/><Condition nature ="Voit Pacman + Invulnerable"/><Action nature ="Suit"/></Transition><Transition><etat id ="0" nom="Avance"/><etat id ="2" nom="Fuitniv2"/><Condition nature ="Voit Pacman + Vulnerable"/><Action nature ="Fuitniv2"/></Transition><Transition><etat id ="1" nom="Suit"/><etat id ="2" nom="Fuitniv2"/><Condition nature ="Voit Pacman + Vulnerable"/><Action nature ="Fuitniv2"/></Transition><Transition><etat id ="2" nom="Fuitniv2"/><etat id ="2" nom="Fuitniv2"/><Condition nature ="Voit Pacman + Vulnerable"/><Action nature ="Fuitniv2"/></Transition><Transition><etat id ="2" nom="Fuitniv2"/><etat id ="1" nom="Suit"/><Condition nature ="Voit Pacman + Invulnerable"/><Action nature ="Suit"/></Transition><Transition><etat id ="0" nom="Avance"/><etat id ="3" nom="Chasse"/><Condition nature ="PM a points"/><Action nature ="Chasse"/></Transition><Transition><etat id ="3" nom="Chasse"/><etat id ="3" nom="Chasse"/><Condition nature ="PM a points"/><Action nature ="Chasse"/></Transition><Transition><etat id ="3" nom="Chasse"/><etat id ="2" nom="Fuitniv2"/><Condition nature ="Voit Pacman + Vulnerable"/><Action nature ="Fuitniv2"/></Transition><Transition><etat id ="2" nom="Fuitniv2"/><etat id ="3" nom="Chasse"/><Condition nature ="PM a points"/><Action nature ="Chasse"/></Transition><Transition><etat id ="3" nom="Chasse"/><etat id ="1" nom="Suit"/><Condition nature ="Voit Pacman + Invulnerable"/><Action nature ="Suit"/></Transition><Transition><etat id ="1" nom="Suit"/><etat id ="3" nom="Chasse"/><Condition nature ="PM a points"/><Action nature ="Chasse"/></Transition><Transition><etat id ="3" nom="Chasse"/><etat id ="0" nom="Avance"/><Condition nature ="Rien"/><Action nature ="Avance"/></Transition></Automate></Comportement><Comportement nature ="PAF"><Automate nom ="paf"><etat id ="0" nom="Vers PacGum"/><etat id ="0" nom="Vers PacGum"/></Automate></Comportement><Comportement nature ="PAM"><Automate nom ="pam"><etat id ="0" nom="Vers PacGum"/><etat id ="0" nom="Vers PacGum"/><Transition><etat id ="0" nom="Vers PacGum"/><etat id ="0" nom="Vers PacGum"/><Condition nature ="Rien"/><Action nature ="Vers PacGum"/></Transition><Transition><etat id ="1" nom="Suit"/><etat id ="0" nom="Vers PacGum"/><Condition nature ="Rien"/><Action nature ="Vers PacGum"/></Transition><Transition><etat id ="2" nom="Fuit"/><etat id ="0" nom="Vers PacGum"/><Condition nature ="Rien"/><Action nature ="Vers PacGum"/></Transition><Transition><etat id ="0" nom="Vers PacGum"/><etat id ="1" nom="Suit"/><Condition nature ="Voit Fantome + Vulnerable"/><Action nature ="Suit"/></Transition><Transition><etat id ="0" nom="Vers PacGum"/><etat id ="2" nom="Fuit"/><Condition nature ="Voit Fantome + Invulnerable"/><Action nature ="Fuit"/></Transition><Transition><etat id ="1" nom="Suit"/><etat id ="1" nom="Suit"/><Condition nature ="Voit Fantome + Vulnerable"/><Action nature ="Suit"/></Transition><Transition><etat id ="1" nom="Suit"/><etat id ="2" nom="Fuit"/><Condition nature ="Voit Fantome + Invulnerable"/><Action nature ="Fuit"/></Transition><Transition><etat id ="2" nom="Fuit"/><etat id ="2" nom="Fuit"/><Condition nature ="Voit Fantome + Invulnerable"/><Action nature ="Fuit"/></Transition><Transition><etat id ="2" nom="Fuit"/><etat id ="1" nom="Suit"/><Condition nature ="Voit Fantome + Vulnerable"/><Action nature ="Suit"/></Transition></Automate></Comportement><Comportement nature ="PAD"><Automate nom ="pad"><etat id ="0" nom="Vers PacGum"/><etat id ="0" nom="Vers PacGum"/><Transition><etat id ="0" nom="Vers PacGum"/><etat id ="0" nom="Vers PacGum"/><Condition nature ="Rien"/><Action nature ="Vers PacGum"/></Transition><Transition><etat id ="1" nom="Suit"/><etat id ="0" nom="Vers PacGum"/><Condition nature ="Rien"/><Action nature ="Vers PacGum"/></Transition><Transition><etat id ="2" nom="Fuitniv2"/><etat id ="0" nom="Vers PacGum"/><Condition nature ="Rien"/><Action nature ="Vers PacGum"/></Transition><Transition><etat id ="1" nom="Suit"/><etat id ="1" nom="Suit"/><Condition nature ="Voit Fantome + Vulnerable"/><Action nature ="Suit"/></Transition><Transition><etat id ="0" nom="Vers PacGum"/><etat id ="1" nom="Suit"/><Condition nature ="Voit Fantome + Vulnerable"/><Action nature ="Suit"/></Transition><Transition><etat id ="0" nom="Vers PacGum"/><etat id ="3" nom="Rejoint"/><Condition nature ="A un objectif"/><Action nature ="Rejoint"/></Transition><Transition><etat id ="3" nom="Rejoint"/><etat id ="3" nom="Rejoint"/><Condition nature ="A un objectif"/><Action nature ="Rejoint"/></Transition><Transition><etat id ="3" nom="Rejoint"/><etat id ="2" nom="Fuitniv2"/><Condition nature ="Voit Fantome + Invulnerable"/><Action nature ="Fuitniv2"/></Transition><Transition><etat id ="2" nom="Fuitniv2"/><etat id ="3" nom="Rejoint"/><Condition nature ="A un objectif"/><Action nature ="Rejoint"/></Transition><Transition><etat id ="3" nom="Rejoint"/><etat id ="0" nom="Vers PacGum"/><Condition nature ="Rien"/><Action nature ="Vers PacGum"/></Transition><Transition><etat id ="0" nom="Vers PacGum"/><etat id ="2" nom="Fuitniv2"/><Condition nature ="Voit Fantome + Invulnerable"/><Action nature ="Fuitniv2"/></Transition><Transition><etat id ="1" nom="Suit"/><etat id ="2" nom="Fuitniv2"/><Condition nature ="Voit Fantome + Invulnerable"/><Action nature ="Fuitniv2"/></Transition><Transition><etat id ="2" nom="Fuitniv2"/><etat id ="2" nom="Fuitniv2"/><Condition nature ="Voit Fantome + Invulnerable"/><Action nature ="Fuitniv2"/></Transition><Transition><etat id ="2" nom="Fuitniv2"/><etat id ="1" nom="Suit"/><Condition nature ="Voit Fantome + Vulnerable"/><Action nature ="Suit"/></Transition></Automate></Comportement></ListeComportements></Jeu>